{"cameraMode":{"drawMode":0,"name":"Shaded","section":"Shading Mode"},"sceneLighting":false,"audioPlay":false,"sceneViewState":{"showFog":true,"showMaterialUpdate":true,"showSkybox":true,"showFlares":true,"showImageEffects":true,"showParticleSystems":true},"in2DMode":false,"pivot":{"x":247.89268493652345,"y":455.4638977050781,"z":15.754249572753907},"rotation":{"x":0.019301336258649827,"y":-0.9541392922401428,"z":0.06306876987218857,"w":0.29200705885887148},"size":131.32936096191407,"orthographic":false}