{"cameraMode":{"drawMode":0,"name":"Shaded","section":"Shading Mode"},"sceneLighting":false,"audioPlay":false,"sceneViewState":{"showFog":true,"showMaterialUpdate":false,"showSkybox":true,"showFlares":true,"showImageEffects":true,"showParticleSystems":true},"in2DMode":false,"pivot":{"x":141.26910400390626,"y":540.284912109375,"z":-70.14183044433594},"rotation":{"x":-0.11241263896226883,"y":0.8720710277557373,"z":-0.23742306232452393,"w":-0.4128992557525635},"size":390.2002868652344,"orthographic":false}