{"cameraMode":{"drawMode":0,"name":"Shaded","section":"Shading Mode"},"sceneLighting":true,"audioPlay":false,"sceneViewState":{"showFog":true,"showMaterialUpdate":false,"showSkybox":true,"showFlares":true,"showImageEffects":true,"showParticleSystems":true},"in2DMode":false,"pivot":{"x":261.70098876953127,"y":200.97853088378907,"z":217.1350555419922},"rotation":{"x":-0.11241263896226883,"y":0.8720710277557373,"z":-0.23742306232452393,"w":-0.4128992557525635},"size":2.8578836917877199,"orthographic":false}